Forside	https://web.archive.org/web/20240420101610/https://www.fidel-puddel.net/
Oversikt (Overview)	https://web.archive.org/web/20240420101610/https://www.fidel-puddel.net/15113122
Om oss (About Us)	https://web.archive.org/web/20240420101610/https://www.fidel-puddel.net/15113141
Hundeklipp	https://web.archive.org/web/20240420101610/https://www.fidel-puddel.net/15113111
Dog Shows	https://web.archive.org/web/20240420101610/https://www.fidel-puddel.net/15113130/
Puppy Shows	https://web.archive.org/web/20240420101610/https://www.fidel-puddel.net/15113130/30167398
2008-2017	https://web.archive.org/web/20240420101610/https://www.fidel-puddel.net/15113130/15113109/
Breeding Classes	https://web.archive.org/web/20240420101610/https://www.fidel-puddel.net/15113120
Til salgs (For Sale)	https://web.archive.org/web/20240420101610/https://www.fidel-puddel.net/30167399
New litters	https://web.archive.org/web/20240420101610/https://www.fidel-puddel.net/15113125
Avlshanner (Studs)	https://web.archive.org/web/20240420101610/https://www.fidel-puddel.net/15113115
2008-2017	https://web.archive.org/web/20240420101610/https://www.fidel-puddel.net/15113119
Poodle of the Year	https://web.archive.org/web/20240420101610/https://www.fidel-puddel.net/15113121
Våre hunder	https://web.archive.org/web/20240420101610/https://www.fidel-puddel.net/15113105/
Bowie	https://web.archive.org/web/20240420101610/https://www.fidel-puddel.net/15113105/30167395
Karri	https://web.archive.org/web/20240420101610/https://www.fidel-puddel.net/15113105/450529855
Standard side	https://web.archive.org/web/20240420101610/https://www.fidel-puddel.net/15113105/450529813
Janko	https://web.archive.org/web/20240420101610/https://www.fidel-puddel.net/15113105/15113116
Kaffe	https://web.archive.org/web/20240420101610/https://www.fidel-puddel.net/15113105/452367871
Zanzibar	https://web.archive.org/web/20240420101610/https://www.fidel-puddel.net/15113105/15113124
Kamfer	https://web.archive.org/web/20240420101610/https://www.fidel-puddel.net/15113105/30167393
Xx	https://web.archive.org/web/20240420101610/https://www.fidel-puddel.net/15113105/453389309
Sioux	https://web.archive.org/web/20240420101610/https://www.fidel-puddel.net/15113105/15113134
Sioux stamtavle	https://web.archive.org/web/20240420101610/https://www.fidel-puddel.net/15113105/15113138
Nona	https://web.archive.org/web/20240420101610/https://www.fidel-puddel.net/15113105/15113135
Arizona	https://web.archive.org/web/20240420101610/https://www.fidel-puddel.net/15113105/15113112
Almeria	https://web.archive.org/web/20240420101610/https://www.fidel-puddel.net/15113105/30167407
Veteran	https://web.archive.org/web/20240420101610/https://www.fidel-puddel.net/30167396/
Blueberry	https://web.archive.org/web/20240420101610/https://www.fidel-puddel.net/30167396/30167403
Vienna	https://web.archive.org/web/20240420101610/https://www.fidel-puddel.net/30167396/30167400
Makeup	https://web.archive.org/web/20240420101610/https://www.fidel-puddel.net/30167396/30167406
"Bello"	https://web.archive.org/web/20240420101610/https://www.fidel-puddel.net/30167396/15113108
Cayenne	https://web.archive.org/web/20240420101610/https://www.fidel-puddel.net/30167396/15113133
Opphav (Origin)	https://web.archive.org/web/20240420101610/https://www.fidel-puddel.net/15113110/
Exports	https://web.archive.org/web/20240420101610/https://www.fidel-puddel.net/15113110/15113132
Champions	https://web.archive.org/web/20240420101610/https://www.fidel-puddel.net/15113114/
List of Champions	https://web.archive.org/web/20240420101610/https://www.fidel-puddel.net/15113114/15113117
Stamtavle (Pedigree)	https://web.archive.org/web/20240420101610/https://www.fidel-puddel.net/15113113
Bevegelse (Movement)	https://web.archive.org/web/20240420101610/https://www.fidel-puddel.net/15113128
Memoriam	https://web.archive.org/web/20240420101610/https://www.fidel-puddel.net/15113137/
Spitfire	https://web.archive.org/web/20240420101610/https://www.fidel-puddel.net/15113137/15113123
Butterfly	https://web.archive.org/web/20240420101610/https://www.fidel-puddel.net/15113137/30167405
Funny	https://web.archive.org/web/20240420101610/https://www.fidel-puddel.net/15113137/15113118
Poker	https://web.archive.org/web/20240420101610/https://www.fidel-puddel.net/15113137/30167391
Argentina	https://web.archive.org/web/20240420101610/https://www.fidel-puddel.net/15113137/15113126
Oliven	https://web.archive.org/web/20240420101610/https://www.fidel-puddel.net/15113137/30167394
Oliven	https://web.archive.org/web/20240420101610/https://www.fidel-puddel.net/15113137/15113127
Vette	https://web.archive.org/web/20240420101610/https://www.fidel-puddel.net/15113137/15113139
Lui	https://web.archive.org/web/20240420101610/https://www.fidel-puddel.net/15113137/30167390
Saba	https://web.archive.org/web/20240420101610/https://www.fidel-puddel.net/15113137/30167389
"Ups"	https://web.archive.org/web/20240420101610/https://www.fidel-puddel.net/15113137/15113143
Kontakt	https://web.archive.org/web/20240420101610/https://www.fidel-puddel.net/15113107/
Kart (Map)	https://web.archive.org/web/20240420101610/https://www.fidel-puddel.net/15113107/30167402
Gjestebok (Guestbook)	https://web.archive.org/web/20240420101610/https://www.fidel-puddel.net/15113106/
Gjestebok (Guestbook) 2	https://web.archive.org/web/20240420101610/https://www.fidel-puddel.net/15113106/15113106_2
Gjestebok (Guestbook) 3	https://web.archive.org/web/20240420101610/https://www.fidel-puddel.net/15113106/15113106_3
Gjestebok (Guestbook) 4	https://web.archive.org/web/20240420101610/https://www.fidel-puddel.net/15113106/15113106_4
Gjestebok (Guestbook) 5	https://web.archive.org/web/20240420101610/https://www.fidel-puddel.net/15113106/15113106_5
Gjestebok (Guestbook) 6	https://web.archive.org/web/20240420101610/https://www.fidel-puddel.net/15113106/15113106_6
Gjestebok (Guestbook) 7	https://web.archive.org/web/20240420101610/https://www.fidel-puddel.net/15113106/15113106_7
Gjestebok (Guestbook) 8	https://web.archive.org/web/20240420101610/https://www.fidel-puddel.net/15113106/15113106_8
Gjestebok (Guestbook) 9	https://web.archive.org/web/20240420101610/https://www.fidel-puddel.net/15113106/15113106_9
Gjestebok (Guestbook) 10	https://web.archive.org/web/20240420101610/https://www.fidel-puddel.net/15113106/15113106_10
Gjestebok (Guestbook) 11	https://web.archive.org/web/20240420101610/https://www.fidel-puddel.net/15113106/15113106_11
Gjestebok (Guestbook) 12	https://web.archive.org/web/20240420101610/https://www.fidel-puddel.net/15113106/15113106_12
Gjestebok (Guestbook) 13	https://web.archive.org/web/20240420101610/https://www.fidel-puddel.net/15113106/15113106_13
Gjestebok (Guestbook) 14	https://web.archive.org/web/20240420101610/https://www.fidel-puddel.net/15113106/15113106_14
Gjestebok (Guestbook) 15	https://web.archive.org/web/20240420101610/https://www.fidel-puddel.net/15113106/15113106_15
Linker (Links)	https://web.archive.org/web/20240420101610/https://www.fidel-puddel.net/30167397